{
  "websocket_reconnect.rs": 1774847885.5306153,
  "sdk_test.rs": 1775081342.1247368,
  "fees.rs": 1774836283.7536197,
  "telemetry.rs": 1774779253.439624,
  "main.rs": 1775277558.403623,
  "maker_taker_routing.rs": 1774836314.4670238,
  "sdk_integration.rs": 1775083000.4884925,
  "maker_taker_routing_new.rs": 1774836465.206142,
  "poly_sdk_websocket.rs": 1775081285.6064155,
  "whale_scanner/src/main.rs": 1775231477.0241406,
  "clobguard/src/lib.rs": 1775418374.907637,
  "clobguard/src/main.rs": 1775418374.907637,
  "clobguard/src/network/mod.rs": 1775418374.907637,
  "clobguard/src/network/ws_engine.rs": 1775418374.9085238,
  "clobguard/src/strategy/order_types.rs": 1775418374.9090319,
  "clobguard/src/strategy/dump_hedge.rs": 1775418374.9085238,
  "clobguard/src/strategy/pre_order.rs": 1775587020.9842026,
  "clobguard/src/strategy/lottery.rs": 1775587270.170057,
  "clobguard/src/strategy/mod.rs": 1775587105.9582365,
  "clobguard/src/strategy/high_side.rs": 1775418374.9090319,
  "clobguard/src/strategy/eip712_order.rs": 1775418374.9090319,
  "clobguard/src/strategy/pre_limit.rs": 1775587311.6377692,
  "src/lib.rs": 1775389469.047325,
  "src/main.rs": 1775201788.9496326,
  "src/network/mod.rs": 1775201797.5419247,
  "src/network/ws_engine.rs": 1775389482.56363,
  "STRATEGY_IMPLEMENTATION.md": 1775579533.4262726,
  "LIVE_TRADING_ANALYSIS.md": 1774875166.1625602,
  "README_MAIN.md": 1774873571.1684597,
  "SOUL.md": 1773696053.9143302,
  "whale_strategy_v2.md": 1775755989.094205,
  "whale_analysis.md": 1775755409.1249738,
  "STRATEGIES.md": 1775748017.8870718,
  "AGENTS.md": 1775766046.586814,
  "README_v2.md": 1774867184.7089894,
  "PATH_TO_PRODUCTION.md": 1774869323.5708306,
  "TOP_OF_BOOK_MM.md": 1775158289.968859,
  "LIVE_TRADING_PLAN.md": 1774803378.8725305,
  "IDENTITY.md": 1774114321.8105712,
  "STEP2_IMPLEMENTATION.md": 1774871947.4320903,
  "TOOLS.md": 1775766057.5348158,
  "MEMORY.md": 1775757851.978983,
  "PHASE5_STEP1_IMPLEMENTATION.md": 1775211925.761328,
  "USER.md": 1774114328.9706151,
  "whale_strategy_v1.md": 1775755620.047825,
  "AUTHENTICATION_CODE.md": 1774872187.5990677,
  "BUG_WEBSOCKET_DISCONNECT.md": 1774847624.4757504,
  "FINAL_INTEGRATION.md": 1774872420.1549723,
  "PROOF_OF_WORK.md": 1775087025.8378391,
  "ORDER_EXECUTION_README.md": 1775277929.1953971,
  "PHASE3_SUMMARY.md": 1775201847.9140053,
  "STRATEGY_BLUEPRINT.md": 1775574493.230454,
  "USER_WEBSOCKET_CODE.md": 1774872298.1081102,
  "PROFILE_MONITORING.md": 1775556385.4657938,
  "README.md": 1774873585.1107466,
  "HFT_DEPLOYMENT_CHECKLIST.md": 1774751781.4051094,
  "STRATEGY_ANALYSIS.md": 1775555473.1893866,
  "CLONE_STRATEGY.md": 1775232474.2398326,
  "HEARTBEAT.md": 1774717466.6866002,
  "BOOTSTRAP.md": 1773696053.9163303,
  "EDGE_DETECTION_PROOF.md": 1774876475.866708,
  "clobguard/README.md": 1775418374.9063878,
  "clobguard/docs/ORDER_EXECUTION_README.md": 1775418374.9071786,
  "clobguard/docs/IMPLEMENTATION_PLAN.md": 1775418374.9063878
}